Size	BestCase(sec)	WorstCase(sec)
1000	0.002539	0.001488
2000	0.009418	0.006096
3000	0.012250	0.006657
4000	0.017402	0.011936
